Country Name,Country Code,Pollution Deaths
Afghanistan,AFG,211.1
Albania,ALB,68
Algeria,DZA,49.7
American Samoa,ASM,..
Andorra,AND,..
Angola,AGO,118.5
Antigua and Barbuda,ATG,29.9
Arab World,ARB,102.0653436
Argentina,ARG,26.6
Armenia,ARM,54.8
Aruba,ABW,..
Australia,AUS,8.4
Austria,AUT,15.3
Azerbaijan,AZE,63.9
"Bahamas, The",BHS,19.9
Bahrain,BHR,40.1
Bangladesh,BGD,149
Barbados,BRB,31.1
Belarus,BLR,60.7
Belgium,BEL,15.7
Belize,BLZ,68.6
Benin,BEN,205
Bermuda,BMU,..
Bhutan,BTN,124.5
Bolivia,BOL,63.7
Bosnia and Herzegovina,BIH,79.8
Botswana,BWA,101.3
Brazil,BRA,29.9
British Virgin Islands,VGB,..
Brunei Darussalam,BRN,13.3
Bulgaria,BGR,61.8
Burkina Faso,BFA,206.2
Burundi,BDI,179.9
Cabo Verde,CPV,99.5
Cambodia,KHM,149.8
Cameroon,CMR,208.1
Canada,CAN,7
Caribbean small states,CSS,42.31453655
Cayman Islands,CYM,..
Central African Republic,CAF,211.9
Central Europe and the Baltics,CEB,42.03722197
Chad,TCD,280.1
Channel Islands,CHI,..
Chile,CHL,25.3
China,CHN,112.7
Colombia,COL,37
Comoros,COM,172.4
"Congo, Dem. Rep.",COD,163.9
"Congo, Rep.",COG,130.7
Costa Rica,CRI,23.3
Cote d'Ivoire,CIV,269.1
Croatia,HRV,35.5
Cuba,CUB,49.5
Curacao,CUW,..
Cyprus,CYP,20.1
Czech Republic,CZE,29.6
Denmark,DNK,13.2
Djibouti,DJI,159
Dominica,DMA,..
Dominican Republic,DOM,43
Early-demographic dividend,EAR,142.2286402
East Asia & Pacific,EAS,104.9841243
East Asia & Pacific (excluding high income),EAP,114.4467026
East Asia & Pacific (IDA & IBRD countries),TEA,113.286319
Ecuador,ECU,24.5
"Egypt, Arab Rep.",EGY,108.9
El Salvador,SLV,41.9
Equatorial Guinea,GNQ,177.7
Eritrea,ERI,173.7
Estonia,EST,25
Eswatini,SWZ,137
Ethiopia,ETH,144.4
Euro area,EMU,14.25291456
Europe & Central Asia,ECS,36.33896286
Europe & Central Asia (excluding high income),ECA,60.1126564
Europe & Central Asia (IDA & IBRD countries),TEC,58.02663783
European Union,EUU,19.16344831
Faroe Islands,FRO,..
Fiji,FJI,99
Finland,FIN,7.2
Fragile and conflict affected situations,FCS,167.1985724
France,FRA,9.7
French Polynesia,PYF,..
Gabon,GAB,76
"Gambia, The",GMB,237
Georgia,GEO,101.8
Germany,DEU,16
Ghana,GHA,203.8
Gibraltar,GIB,..
Greece,GRC,27.6
Greenland,GRL,..
Grenada,GRD,45.3
Guam,GUM,..
Guatemala,GTM,73.8
Guinea,GIN,243.3
Guinea-Bissau,GNB,214.7
Guyana,GUY,107.8
Haiti,HTI,184.3
Heavily indebted poor countries (HIPC),HPC,173.0403041
High income,HIC,18.14302018
Honduras,HND,60.7
"Hong Kong SAR, China",HKG,..
Hungary,HUN,38.8
Iceland,ISL,8.7
India,IND,184.3
Indonesia,IDN,112.4
"Iran, Islamic Rep.",IRN,50.9
Iraq,IRQ,75.1
Ireland,IRL,11.9
Isle of Man,IMN,..
Israel,ISR,15.4
Italy,ITA,15
Jamaica,JAM,25.4
Japan,JPN,11.9
Jordan,JOR,51.2
Kazakhstan,KAZ,62.7
Kenya,KEN,78.1
Kiribati,KIR,140.2
"Korea, Dem. People‰Ûªs Rep.",PRK,207.2
"Korea, Rep.",KOR,20.5
Kosovo,XKX,..
Kuwait,KWT,103.8
Kyrgyz Republic,KGZ,110.7
Lao PDR,LAO,188.5
Late-demographic dividend,LTE,89.27899556
Latin America & Caribbean,LCN,39.30595236
Latin America & Caribbean (excluding high income),LAC,40.9947227
Latin America & the Caribbean (IDA & IBRD countries),TLA,39.13367254
Latvia,LVA,41.3
Least developed countries: UN classification,LDC,166.4806438
Lebanon,LBN,51.4
Lesotho,LSO,177.6
Liberia,LBR,170.2
Libya,LBY,71.9
Liechtenstein,LIE,..
Lithuania,LTU,34
Low & middle income,LMY,132.6895847
Low income,LIC,171.176317
Lower middle income,LMC,166.48873
Luxembourg,LUX,11.6
"Macao SAR, China",MAC,..
Madagascar,MDG,159.6
Malawi,MWI,115
Malaysia,MYS,47.4
Maldives,MDV,25.6
Mali,MLI,209.1
Malta,MLT,20.2
Marshall Islands,MHL,..
Mauritania,MRT,169.5
Mauritius,MUS,38.3
Mexico,MEX,36.7
"Micronesia, Fed. Sts.",FSM,151.8
Middle East & North Africa,MEA,78.70659482
Middle East & North Africa (excluding high income),MNA,80.79932699
Middle East & North Africa (IDA & IBRD countries),TMN,80.79932699
Middle income,MIC,127.6762256
Moldova,MDA,78.3
Monaco,MCO,..
Mongolia,MNG,155.9
Montenegro,MNE,78.6
Morocco,MAR,49.1
Mozambique,MOZ,110
Myanmar,MMR,156.4
Namibia,NAM,145
Nauru,NRU,..
Nepal,NPL,193.8
Netherlands,NLD,13.7
New Caledonia,NCL,..
New Zealand,NZL,7.2
Nicaragua,NIC,55.7
Niger,NER,251.8
Nigeria,NGA,307.4
North America,NAC,12.66419663
North Macedonia,MKD,82.2
Northern Mariana Islands,MNP,..
Norway,NOR,8.6
Not classified,INX,..
OECD members,OED,18.92429601
Oman,OMN,53.9
Other small states,OSS,114.0539081
Pacific island small states,PSS,115.3497736
Pakistan,PAK,173.6
Palau,PLW,..
Panama,PAN,25.8
Papua New Guinea,PNG,152
Paraguay,PRY,57.5
Peru,PER,63.9
Philippines,PHL,185.2
Poland,POL,37.9
Portugal,PRT,9.8
Post-demographic dividend,PST,17.41188639
Pre-demographic dividend,PRE,196.4532053
Puerto Rico,PRI,..
Qatar,QAT,47.4
Romania,ROU,59.3
Russian Federation,RUS,49.4
Rwanda,RWA,121.4
Samoa,WSM,85
San Marino,SMR,..
Sao Tome and Principe,STP,162.4
Saudi Arabia,SAU,83.7
Senegal,SEN,160.7
Serbia,SRB,62.5
Seychelles,SYC,49.3
Sierra Leone,SLE,324.1
Singapore,SGP,25.9
Sint Maarten (Dutch part),SXM,..
Slovak Republic,SVK,33.5
Slovenia,SVN,22.6
Small states,SST,101.1660334
Solomon Islands,SLB,137
Somalia,SOM,212.8
South Africa,ZAF,86.7
South Asia,SAS,179.2350737
South Asia (IDA & IBRD),TSA,179.2350737
South Sudan,SSD,165.1
Spain,ESP,9.9
Sri Lanka,LKA,79.8
St. Kitts and Nevis,KNA,..
St. Lucia,LCA,30
St. Martin (French part),MAF,..
St. Vincent and the Grenadines,VCT,47.6
Sub-Saharan Africa,SSF,186.691584
Sub-Saharan Africa (excluding high income),SSA,186.7041748
Sub-Saharan Africa (IDA & IBRD countries),TSS,186.691584
Sudan,SDN,184.9
Suriname,SUR,56.7
Sweden,SWE,7.2
Switzerland,CHE,10.1
Syrian Arab Republic,SYR,75.2
Tajikistan,TJK,129.3
Tanzania,TZA,139
Thailand,THA,61.5
Timor-Leste,TLS,139.8
Togo,TGO,249.6
Tonga,TON,73.3
Trinidad and Tobago,TTO,38.6
Tunisia,TUN,56.1
Turkey,TUR,46.6
Turkmenistan,TKM,79.3
Turks and Caicos Islands,TCA,..
Tuvalu,TUV,..
Uganda,UGA,155.7
Ukraine,UKR,70.7
United Arab Emirates,ARE,54.7
United Kingdom,GBR,13.8
United States,USA,13.3
Upper middle income,UMC,83.27725029
Uruguay,URY,17.5
Uzbekistan,UZB,81.1
Vanuatu,VUT,135.6
"Venezuela, RB",VEN,34.6
Vietnam,VNM,64.5
Virgin Islands (U.S.),VIR,..
West Bank and Gaza,PSE,..
World,WLD,114.0400522
"Yemen, Rep.",YEM,194.2
Zambia,ZMB,127.2
Zimbabwe,ZWE,133