Country Name,Code,Year,Internally displaced persons
Afghanistan,AFG,2015,71000
Albania,ALB,2015,4200
Algeria,DZA,2015,19000
Angola,AGO,2015,5600
Arab World,,2015,202630
Argentina,ARG,2015,36000
Australia,AUS,2015,5700
Bahamas,BHS,2015,2800
Bangladesh,BGD,2015,531000
Belize,BLZ,2015,250
Bhutan,BTN,2015,2900
Bolivia,BOL,2015,11000
Bosnia and Herzegovina,BIH,2015,320
Botswana,BWA,2015,250
Brazil,BRA,2015,59000
Bulgaria,BGR,2015,820
Burkina Faso,BFA,2015,3700
Burundi,BDI,2015,3100
Cambodia,KHM,2015,10000
Cameroon,CMR,2015,11000
Canada,CAN,2015,13000
Cape Verde,CPV,2015,190
Central African Republic,CAF,2015,1100
Chile,CHL,2015,1047000
China,CHN,2015,3602000
Colombia,COL,2015,4600
Costa Rica,CRI,2015,1100
Croatia,HRV,2015,1000
Cuba,CUB,2015,2000
Democratic Republic of Congo,COD,2015,106000
Dominica,DMA,2015,710
Dominican Republic,DOM,2015,28000
Early-demographic dividend,,2015,12603882
East Asia & Pacific,,2015,8305770
East Asia & Pacific (IDA & IBRD),,2015,7780630
East Asia & Pacific (excluding high income),,2015,7786630
Ecuador,ECU,2015,1900
Egypt,EGY,2015,100
El Salvador,SLV,2015,2000
Ethiopia,ETH,2015,104000
Europe & Central Asia (excluding high income),,2015,50700
Fragile and conflict affected situations,,2015,2082320
France,FRA,2015,120
Georgia,GEO,2015,1200
Ghana,GHA,2015,9300
Greece,GRC,2015,270
Guatemala,GTM,2015,2900
Guinea,GIN,2015,34000
Haiti,HTI,2015,1500
Heavily indebted poor countries (HIPC),,2015,966625
High income,,2015,1720220
Honduras,HND,2015,2000
IBRD only,,2015,11401892
IDA & IBRD total,,2015,18560807
IDA blend,,2015,1220820
IDA only,,2015,5938095
IDA total,,2015,7158915
India,IND,2015,3655000
Indonesia,IDN,2015,204000
Iran,IRN,2015,5400
Iraq,IRQ,2015,23000
Ireland,IRL,2015,1600
Italy,ITA,2015,1300
Japan,JPN,2015,486000
Kazakhstan,KAZ,2015,19000
Kenya,KEN,2015,105000
Kiribati,KIR,2015,2500
Kyrgyzstan,KGZ,2015,5900
Laos,LAO,2015,12000
Late-demographic dividend,,2015,4884440
Latin America & Caribbean,,2015,1543360
Latin America & Caribbean (IDA & IBRD),,2015,1538560
Latin America & Caribbean (excluding high income),,2015,433460
Least developed countries: UN classification,,2015,5906935
Lebanon,LBN,2015,110
Low & middle income,,2015,17470707
Low income,,2015,3662700
Lower middle income,,2015,9680755
Madagascar,MDG,2015,87000
Malawi,MWI,2015,343000
Malaysia,MYS,2015,21000
Mali,MLI,2015,400
Mauritius,MUS,2015,1400
Mexico,MEX,2015,91000
Micronesia (country),FSM,2015,6800
Middle East & North Africa,,2015,140730
Middle East & North Africa (IDA & IBRD),,2015,130730
Middle East & North Africa (excluding high income),,2015,140730
Middle income,,2015,13808007
Mongolia,MNG,2015,810
Mozambique,MOZ,2015,61000
Myanmar,MMR,2015,1618000
Namibia,NAM,2015,8
Nepal,NPL,2015,2623000
New Zealand,NZL,2015,440
Nicaragua,NIC,2015,1100
Niger,NER,2015,38000
Nigeria,NGA,2015,100000
North America,,2015,76000
North Korea,PRK,2015,6000
Norway,NOR,2015,220
OECD members,,2015,1721820
Pakistan,PAK,2015,1002000
Palestine,PSE,2015,10000
Panama,PAN,2015,100
Paraguay,PRY,2015,171000
Peru,PER,2015,8400
Philippines,PHL,2015,2221000
Portugal,PRT,2015,10
Post-demographic dividend,,2015,584860
Pre-demographic dividend,,2015,1084635
Romania,ROU,2015,160
Russia,RUS,2015,6600
Rwanda,RWA,2015,2000
Samoa,WSM,2015,970
Solomon Islands,SLB,2015,1000
Somalia,SOM,2015,59000
South Africa,ZAF,2015,14
South Asia,,2015,7950900
South Asia (IDA & IBRD),,2015,7950900
South Sudan,SSD,2015,15000
Spain,ESP,2015,4100
Sri Lanka,LKA,2015,66000
Sub-Saharan Africa,,2015,1108287
Sub-Saharan Africa (IDA & IBRD),,2015,1108287
Sub-Saharan Africa (excluding high income),,2015,1108287
Sudan,SDN,2015,8300
Sweden,SWE,2015,100
Switzerland,CHE,2015,360
Tajikistan,TJK,2015,11000
Tanzania,TZA,2015,3500
Thailand,THA,2015,240
Timor,TLS,2015,310
Togo,TGO,2015,5000
Tunisia,TUN,2015,120
Turkey,TUR,2015,1500
Tuvalu,TUV,2015,5400
Uganda,UGA,2015,600
United Kingdom,GBR,2015,6100
United States,USA,2015,63000
Upper middle income,,2015,4127252
Uruguay,URY,2015,24000
Vanuatu,VUT,2015,65000
Venezuela,VEN,2015,45000
Vietnam,VNM,2015,9600
World,OWID_WRL,2015,19190927
Yemen,YEM,2015,83000
Zambia,ZMB,2015,25
Zimbabwe,ZWE,2015,800