Country Name,1990,1991,1992,1993,1994,1995,1996,1997,1998,1999,2000,2001,2002,2003,2004,2005,2006,2007,2008,2009,2010,2011,2012,2013,2014,2015,2016,2017
Aruba,,,,,,,,,,,,,,,,,,,,,,,,1,,2,1,
Afghanistan,50,38,60025,32132,19131,19605,18775,5,,,,6,3,22,30,32,35,42,37,37,6434,3009,16187,16863,300423,257554,59771,75927
Angola,11557,11022,11002,10878,10686,10884,9381,9364,10605,13071,12086,12250,12250,13382,13970,13984,13090,12069,12710,14734,15155,16223,23413,23783,15474,15555,15555,41109
Albania,,,3000,3000,3000,4720,4925,30,22332,3930,523,292,17,26,51,56,56,77,65,70,76,82,86,93,104,104,138,89
Andorra,,,,,,,,,,,,,,,,,,,,,,,,,,,,
Arab World,4235545,3811595,4000509,4189545,4352945,4337009,4159630,4243164,4373393,4487654,4639943,4942633,5110748,4932948,5039854,5106930,6444738,7513460,7206343,6955072,7077529,6657656,6638911,7794808,8375066,8304742,8440191,9056647
United Arab Emirates,,,,433,381,407,464,519,529,501,562,556,163,160,105,104,174,159,209,279,538,677,631,603,417,663,895,874
Argentina,11735,11529,11515,11636,11901,10314,10430,10522,2270,2345,2396,2396,2439,2642,2916,3074,3158,3263,2845,3230,3276,3361,3488,3362,3498,3207,3293,3287
Armenia,,,300000,334000,304039,218950,218950,219000,310012,296216,280591,264337,247550,239289,235235,219550,113714,4566,3953,3607,3296,2918,2854,13732,17640,19319,17886,17963
American Samoa,,,,,,,,,,,,,,,,,,,,,,,,,,,,
Antigua and Barbuda,,,,,,,,,,,,,,,,,,,,,,,,,,15,4,
Australia,97915,53117,52604,53505,57575,62145,67313,66074,69745,64918,60246,57895,59436,56258,63476,64964,68948,22164,20919,22548,21805,23434,30083,34503,35582,36917,42188,48415
Austria,34938,34508,62355,57687,40703,34385,89116,84394,80300,82081,15492,14390,14130,16109,17795,21230,25486,30773,37557,38906,42630,47073,51730,55598,60747,72216,93250,115197
Azerbaijan,,,246000,228840,231635,233682,233692,233715,221635,221643,287,367,458,326,8606,3004,2618,2352,2061,1642,1891,1730,1468,1380,1299,1278,1193,1115
Burundi,268403,270136,271745,271883,300302,173017,20733,22028,25093,22109,27136,27896,40533,40971,48808,20681,13176,24483,21093,24967,29365,35659,41813,45490,52936,53363,57469,62353
Belgium,25911,24071,24292,24908,19497,31691,36060,36060,15509,16760,18832,12265,12578,12595,13529,15282,16820,17575,17026,15545,17892,22402,22024,25629,29179,35314,42168,42128
Benin,456,456,293,156241,70406,23843,5960,2918,2903,3657,4296,4799,5021,5034,4802,30294,10797,7621,6933,7205,7139,7217,4966,194,415,530,809,1051
Burkina Faso,350,320,5670,6604,49990,29777,28381,1801,564,675,696,457,457,466,492,511,511,535,557,543,531,546,39306,29234,31894,34017,32552,24147
Bangladesh,145,40260,245154,198954,116228,51118,30692,21603,22277,22210,21627,22173,22025,19792,20449,21098,26311,27573,28389,228586,229253,229669,230697,231145,232472,231958,276207,932209
Bulgaria,,,218,450,1060,1320,1430,390,240,547,1474,3004,3658,4068,4684,4413,4504,4836,5129,5393,5530,5688,2288,4320,11046,16557,17814,19141
Bahrain,1780,,,,,,,,,1,1,1,,,,,1,,48,139,165,199,289,294,311,247,271,255
"Bahamas, The",,,374,59,,8,48,60,80,100,100,,,,,,,,,,28,28,37,15,13,8,13,8
Bosnia and Herzegovina,,,,,,,,40000,40000,65645,38152,32745,28022,22517,22215,10568,10318,7367,7257,7132,7016,6933,6903,6926,6890,6798,5271,5209
Belarus,,,,,1822,28988,30525,50,75,260,458,584,618,638,725,725,690,649,609,580,589,595,576,604,925,1809,1650,2145
Belize,30657,29969,20351,8912,8857,8750,8534,8387,3483,2891,1250,1129,1049,861,732,624,488,358,277,230,134,78,28,21,10,35,,
Bermuda,,,,,,,,,,,,,,,,,,,,,,,,,,,,
Bolivia,200,341,491,669,734,681,698,333,349,350,351,347,350,527,524,535,567,632,664,679,695,716,733,748,763,775,786,761
Brazil,5335,5389,5439,6198,2223,2050,2212,2260,2347,2378,2722,2884,3182,3193,3345,3458,3492,20783,3852,4232,4357,4477,4689,5196,7490,8707,9689,10230
Barbados,,,,,,,,,,,,,,,,,,,,,,,,1,1,,,
Brunei Darussalam,,,,,,,,,,,,,,,,,,,,,,,,,,,,
Bhutan,,,,,,,,,,,,,,,,,,,,,,,,,,,,
Botswana,1179,1054,497,514,503,266,214,281,2137,1296,3551,3581,2805,2838,2839,3109,3160,2465,3019,3022,2986,3312,2785,2773,2645,2130,2093,2106
Central African Republic,4284,12223,19040,44129,47791,33856,36564,38499,43013,49314,55661,49239,50725,44753,25020,24569,12357,7535,7429,27047,21574,16730,14014,14322,7694,7330,12115,10023
Canada,154761,170916,183723,183241,186563,152125,138435,125184,119371,123316,126991,129224,129950,133094,141398,147171,151827,175741,173651,169434,165549,164883,163756,160349,149163,135888,97332,104748
Central Europe and the Baltics,45123,75730,522368,339162,219630,239463,188898,84236,40388,42202,36205,37110,24102,23756,22538,25016,26416,29733,32346,32937,32590,32573,28941,30691,38035,44360,44378,48929
Switzerland,40943,45622,51930,56586,75295,82943,84413,83203,81903,82298,57653,58494,54113,50144,47678,48030,48523,45653,46132,46203,48813,50416,50747,52464,62620,73336,82681,92995
Channel Islands,,,,,,,,,,,,,,,,,,,,,,,,,,,,
Chile,58,72,142,239,217,283,313,276,305,323,364,389,413,466,569,806,1134,1376,1613,1539,1621,1674,1695,1743,1773,1849,1737,1841
China,287276,289061,288123,287423,287066,288309,290100,291507,292345,293299,294110,295325,297277,299354,299375,301041,301027,301078,300967,300989,300986,301018,301037,301047,301052,301052,317255,321699
Cote d'Ivoire,272281,230290,174076,251588,360112,297908,327696,208502,151182,138429,120691,126239,44749,75971,72088,41627,27288,24647,24811,24604,26218,24221,3980,2980,1925,1980,1399,1544
Cameroon,49876,45237,42233,44013,44036,45781,46407,47057,47826,49227,43680,41186,58288,58583,58861,52042,35083,60137,81037,99957,104275,100373,98969,114753,264126,342973,375415,337367
"Congo, Dem. Rep.",416435,482959,391127,572070,1724365,1433760,675973,297538,240214,285270,332509,362012,332978,234033,199323,204341,208371,177390,155162,185809,166336,152749,65109,113362,119754,383095,451956,537074
"Congo, Rep.",2990,3395,3385,13646,15522,19404,20451,20697,27174,39870,123190,119147,109201,91362,68536,66075,55788,38472,24779,111411,133112,141232,98455,51037,54842,44955,46457,48494
Colombia,460,450,478,298,316,218,220,223,226,230,239,210,205,186,141,155,143,168,170,196,212,219,219,224,213,226,258,240
Comoros,,,,,,,,,,9,11,13,,,,1,1,,,,,,,,,,,
Cabo Verde,,3,2,,,,,,,,,,,,,,,,,,,,,,,,,
Costa Rica,276210,117492,114392,24834,24630,24226,23176,23114,22986,22903,5519,8104,12433,13508,10413,11253,11515,17190,18136,19116,19505,20057,20449,20569,20744,3616,4180,4464
Caribbean small states,30657,29973,20867,9084,8937,8781,8607,8495,3600,3028,1388,1129,1049,861,732,624,488,381,311,294,220,160,112,94,144,197,156,319
Cuba,3988,,5092,3606,2002,1829,1694,1280,1067,967,954,1036,1005,836,795,706,667,615,525,454,411,384,371,384,280,303,316,338
Curacao,,,,,,,,,,,,,,,,,,,,,7,6,14,15,37,48,54,74
Cayman Islands,,,,,,,,,,,,,,,,,,,,1,1,3,3,6,6,12,18,24
Cyprus,33,60,80,82,66,55,49,43,84,117,76,83,173,349,531,701,924,1194,1465,2888,3394,3503,3631,3883,5126,7067,8484,9745
Czech Republic,,691,9399,188,1186,2655,2266,1731,1805,1232,1186,1216,1297,1516,1144,1802,1887,2037,2110,2323,2449,2449,2805,2979,3137,3644,3644,3580
Germany,816000,821500,1236000,1418000,1354600,1267900,1266000,1049000,949200,975500,906000,903000,980000,960395,876622,700016,605406,578879,582735,593799,594269,571684,589737,187567,216973,316115,669482,970302
Djibouti,77606,96144,28000,34065,33406,27310,25076,23590,23582,23271,23243,23176,21702,27034,18035,10456,9259,6651,9228,12111,15104,20340,19139,20015,20530,19365,17683,17548
Dominica,,,,,,,,,,,,,,,,,,,,,,,,,,,,
Denmark,32906,36110,39118,44564,49558,64844,66373,68122,69015,69006,71035,73284,73597,69858,65310,44374,36659,26788,23401,20355,17922,13399,11814,13170,17785,27326,33507,35593
Dominican Republic,1966,1571,510,1331,1252,985,640,638,614,625,510,,,,,,,,,,599,595,758,721,608,615,592,579
Algeria,169110,169124,219314,219067,219073,192489,190267,170746,165226,165249,169656,169422,169233,169033,169048,94101,94180,94137,94093,94137,94144,94148,94133,94150,94128,94182,94232,94243
East Asia & Pacific (excluding high income),453346,429546,396348,424447,407428,446979,450724,490303,505076,628312,594198,551125,510300,449102,456067,464458,484364,472348,463586,485530,492004,488523,487136,547912,545147,519824,534335,551365
Early-demographic dividend,12040413,12017843,10696624,8713787,7546284,7543793,7480344,7426458,7364627,7528806,8438286,8918865,7504728,7147165,7458802,7199295,8387169,10776141,10126071,10206150,10551850,9932595,9914714,10557981,11937141,13050011,13310290,14765629
East Asia & Pacific,571488,510678,475815,490258,476334,519923,528467,566111,584455,703247,664108,618883,579665,515361,528773,538676,562099,499271,489525,514077,519221,517098,521925,587080,585985,562148,582376,605662
Europe & Central Asia (excluding high income),28000,31113,613215,672121,638102,570574,805353,794190,776434,751106,471312,437739,400981,371221,363246,317289,256460,153768,174175,163037,139920,136132,375759,716111,1922018,2950988,3193035,3698372
Europe & Central Asia,1439045,1488231,2992856,3175065,3080064,2959592,3215507,2896284,2660934,2673582,2281109,2285748,2327511,2245203,2127964,1892093,1739173,1589866,1636037,1649545,1610871,1560846,1797327,1775920,3110007,4382921,5195769,6107865
Ecuador,510,280,204,238,244,202,211,227,248,314,1602,1715,3240,6381,8450,10063,11789,264907,101398,116557,121249,123436,123824,123209,122161,121535,102848,92320
"Egypt, Arab Rep.",1991,2245,5509,6712,7223,5407,6035,6493,6276,6553,6840,7230,80494,88749,90343,88946,88022,97556,97861,94406,95056,95087,109933,230086,236090,212500,213530,232617
Euro area,1119112,1103271,1615264,1830111,1798725,1690426,1745548,1531494,1352505,1383776,1260117,1256933,1328112,1304927,1221580,1045387,955391,935144,967056,1012282,1024784,1022620,1058069,694994,784489,972385,1464996,1844670
Eritrea,,,,3,706,1083,2106,2606,2501,2972,1984,2272,3619,3889,4240,4418,4621,5042,4862,4751,4809,4719,3600,3166,2898,2549,2342,2392
Spain,8303,4003,4036,4997,5361,5852,5688,5532,5939,6714,6987,6806,6780,5900,5686,5374,5275,5147,4661,3970,3820,4228,4510,4637,5798,6457,12989,17526
Estonia,,,,,,,,,,,4,11,10,12,11,7,5,18,22,24,39,50,63,70,90,168,322,380
Ethiopia,773764,529620,431824,272631,348074,393479,390528,323067,262160,257689,197959,152554,132940,130274,115980,100817,96980,85183,83583,121886,154295,288844,376393,433936,659524,736086,791631,889397
European Union,1350436,1382952,2298449,2409948,2324549,2260201,2279166,1972623,1758494,1798544,1707486,1744018,1827472,1784315,1680475,1491705,1398876,1365184,1390548,1414743,1394390,1347063,1339598,977025,1097414,1334077,1888824,2287804
Fragile and conflict affected situations,4255468,3748950,3887681,4197757,5432210,4960485,3862070,3385042,3348725,3472923,3639852,3657523,3647845,3417890,3503435,3560317,4340836,5239660,4892609,5084519,5231159,5052859,4971018,5698136,6550919,6601987,6562592,7263378
Finland,2348,4561,5950,8511,9511,10191,11382,12017,12290,12869,13276,12728,12490,10843,11325,11809,11827,6204,6617,7447,8724,9175,9919,11252,11798,12703,18401,20713
Fiji,,,,,,9,9,,,,,,,,,,,,,2,1,7,6,5,13,12,12,7
France,193000,174756,156512,166269,195288,155245,151329,146558,140215,129722,132508,131601,132182,130838,139852,137316,145996,151789,171206,196364,200687,210207,217865,232487,252264,273126,304546,337143
Faroe Islands,,,,,,,,,,,,,,,,,,,,,,,,,,,,
"Micronesia, Fed. Sts.",,,,,,,,,,,,,,,,,2,2,1,1,,,,,,3,4,
Gabon,417,220,272,,597,791,798,862,1124,15070,17982,15581,13473,14005,13787,8545,8429,8826,9001,8845,9015,1773,1663,1594,1013,943,931,825
United Kingdom,43632,43371,64726,80230,85160,90909,98577,107933,121716,148922,186248,233389,260687,276522,298844,303181,301556,299718,292097,269363,238150,193510,149799,126055,117234,123067,118995,121766
Georgia,,,,,,100,95,162,20,5180,7620,7901,4192,3864,2559,2497,1373,1047,996,870,639,462,469,847,857,1979,2125,2069
Ghana,8123,8128,12114,150100,113666,83200,35617,22858,14557,13261,12720,11792,33515,43947,42053,53537,44938,34958,18206,13658,13828,13588,16016,18681,18450,17406,11865,12148
Gibraltar,,,,,,,,,,,,,,,,,,,,,,,,,,,,
Guinea,325000,547960,478491,577158,553244,672298,663854,435300,482467,501544,427206,178444,182163,184341,139252,63525,31468,25226,21488,15325,14113,16609,10371,8560,8766,8839,5068,5151
"Gambia, The",78,241,3632,2190,2206,6599,6924,7279,10320,17219,12016,8133,12120,7465,7343,7330,13761,14895,14836,10118,8378,9528,9853,9563,11608,7854,7940,8034
Guinea-Bissau,3004,4631,12163,20735,23909,15350,15401,15982,6604,7120,7587,7332,7639,7551,7536,7616,7804,7860,7884,7898,7679,7800,7784,8535,8684,8684,9263,11197
Equatorial Guinea,,,,,,,,,,,,,,,,,,,,,,,,,,,,
Greece,8488,8989,8456,7873,7784,4428,5780,5520,6145,6283,6653,6948,2788,2771,2489,2390,2289,2228,2164,1695,1444,1573,2100,3485,10304,24838,46427,38948
Grenada,,,,,,,,,,,,,,,,,,,,,,3,,,,1,1,
Greenland,,,,,,,,,,,,,,,,,,,,,,,,,,,,
Guatemala,223377,223236,222929,4689,4672,1496,1564,1508,815,732,720,729,733,715,656,391,382,379,130,131,138,147,159,160,164,226,300,360
Guam,,,,,,,,,,,,,,,,,,,,,,,,,,,,
Guyana,,,,,,,,1,,,,,,,,,,,,,7,7,7,11,11,11,11,7
High income,2163845,2314495,3309450,3443064,3390480,3266283,3259666,2889018,2631790,2656849,2532116,2816680,2867046,2778160,2649227,2426193,2806329,2224941,2255105,2006808,1983723,1955630,1964148,1606492,1716172,1948393,2487599,2899752
"Hong Kong SAR, China",8161,4414,2605,1848,1700,1481,1348,1229,1039,974,983,1390,1496,1902,1868,1934,1940,97,103,86,154,152,117,126,170,133,110,80
Honduras,237100,101961,100348,65,104,63,63,9,9,9,12,20,29,23,23,22,22,22,24,19,14,17,16,16,26,30,16,17
Heavily indebted poor countries (HIPC),5630764,4742660,4697253,5476302,6144296,5405334,3883435,3018062,2865880,3032305,3119864,2734109,2734412,2501058,2402802,2226857,2062768,1950301,1714977,1635849,1693627,1932462,1982437,2153925,3106984,3762133,4417832,5544156
Croatia,,,403000,287000,183600,198647,165395,68863,29027,28374,22437,21875,8392,4387,3663,2927,2443,1642,1597,1238,936,824,724,684,726,522,304,448
Haiti,,,,,,,,,,,,,,,,,,1,3,3,,,,,3,3,5,
Hungary,45123,73838,32412,3023,2906,11394,7537,5890,3504,4990,5064,4710,6088,7023,7708,8046,8075,8131,7750,6044,5414,5106,4054,2440,2867,4393,4748,5641
IBRD only,7254481,7484020,8382460,6342987,5801802,5650909,5806615,5725632,5638249,5746235,5482473,5467274,4938380,4486427,4583429,4423189,4986617,5454064,5392802,5501055,5503809,5272257,5617042,7408083,9148818,10070005,10259605,10796433
IDA & IBRD total,16740448,16144870,16100691,14488272,13987405,13159787,11769020,10816913,10604911,10854767,11516884,11369731,9879214,9081793,9257053,8764188,9795372,11967682,11105789,11309226,11555040,11390635,11548258,13168075,15806876,17362584,17916600,20282972
IDA total,9485967,8660850,7718231,8145285,8185603,7508878,5962405,5091281,4966662,5108532,6034411,5902457,4940834,4595366,4673624,4340999,4808755,6513618,5712987,5808171,6051231,6118378,5931216,5759992,6658058,7292579,7656995,9486539
IDA blend,3524710,3475987,2326213,1959501,1392103,1523203,1515358,1523822,1533353,1531508,2430120,2658936,1695431,1585925,1725637,1530987,1431918,2423016,2231935,2334540,2564265,2533902,2418073,2335101,2393142,2521421,2244330,2230748
Indonesia,3278,3156,3530,2402,97,19,61,34,47,162506,122618,73551,28596,233,169,89,301,315,369,798,811,1006,1819,3206,4270,5957,7827,9777
IDA only,5961257,5184863,5392018,6185784,6793500,5985675,4447047,3567459,3433309,3577024,3604291,3243521,3245403,3009441,2947987,2810012,3376837,4090602,3481052,3473631,3486966,3584476,3513143,3424891,4264916,4771158,5412665,7255791
Isle of Man,,,,,,,,,,,,,,,,,,,,,,,,,,,,
India,212743,210569,258372,262798,258341,227480,233370,223073,185516,180031,170941,169549,168855,164757,162687,139283,158366,161537,184543,185323,184821,185118,185656,188395,199937,201381,197851,197122
Not classified,,,,,,,,,,,,,,,,,,,,,,,,,,,,
Ireland,360,300,500,119,400,400,69,430,600,2835,2543,3598,5380,5971,6542,7113,7917,9333,9730,9571,9107,8248,6327,6001,5853,6125,5731,6324
"Iran, Islamic Rep.",4174401,4404995,4150723,2495038,2236350,2071988,2030359,1982553,1931332,1835688,1868000,1868000,1306599,984896,1045976,974302,968370,963546,980109,1070488,1073366,886468,868242,857354,982027,979437,979435,979435
Iraq,900,87990,115000,109066,119581,116722,112957,104032,104022,128913,127787,128142,134190,46721,46053,50177,44406,42354,39503,35218,34655,35189,98822,246298,271143,277701,261888,277663
Iceland,85,141,154,160,160,197,232,260,294,254,244,213,207,239,239,293,267,49,49,62,83,58,60,79,99,179,179,321
Israel,,,,,,,,,27,128,4075,4168,4179,4179,574,609,837,1156,9137,17736,25471,41235,48505,48201,39716,32946,32946,25637
Italy,10840,9813,9258,50276,73060,74302,64711,66620,5473,6024,6849,8571,10060,12841,15674,20675,26875,38068,47061,54965,56397,58060,64779,76264,93715,118047,147370,167260
Jamaica,,4,90,63,41,23,25,33,37,37,38,,,,,,,,,26,21,20,20,21,22,12,15,8
Jordan,929737,1001357,1073007,1145025,1216957,1288895,1359580,1438104,1488226,1542417,1610638,1663294,1699470,1741366,1777769,1828842,2358591,2403771,2452016,2434489,2450381,2430589,2337348,2712888,2771502,2808351,2860688,2896162
Japan,6819,6397,6669,6495,5942,5435,5278,4851,4492,4235,3752,3200,2657,2266,1967,1941,1844,1794,2019,2332,2586,2649,2581,2584,2560,2474,2514,2189
Kazakhstan,,,,5000,5030,15561,15577,15577,8338,14795,20574,19531,20610,15831,15844,7265,4412,4285,4352,4340,4406,616,564,584,633,708,653,602
Kenya,14249,120163,402194,301595,252423,234665,223640,232097,238187,223696,206106,239221,233671,237512,239835,251271,272531,265729,320605,358928,402905,566487,564933,534938,551352,553912,451099,431880
Kyrgyz Republic,,,,21242,21239,13407,16707,15276,14560,10849,10609,9296,7708,5591,3753,2598,366,723,375,423,2458,6095,4941,466,482,354,339,334
Cambodia,,,,5,10,15,16,14,21,21,34,50,200,76,382,127,99,179,164,135,129,64,77,68,63,76,66,61
Kiribati,,,,,,,,,,,,,,,,,,,,,,,,,,,,
St. Kitts and Nevis,,,,,,,,,,,,,,,,,,,,,,,,,1,,,
"Korea, Rep.",230,162,149,,,5,6,3,1,7,6,7,17,25,44,69,96,118,172,268,358,401,487,548,1173,1463,1807,2203
Kuwait,,45590,44879,30000,30020,3306,3831,3787,4182,4334,2776,1255,1521,1518,1519,1523,50,38159,38238,221,184,335,674,635,614,741,939,608
Latin America & Caribbean (excluding high income),1175043,878364,868395,112247,95843,82254,76625,71607,61560,57351,33599,32786,36354,33655,31000,32018,34312,508859,328725,345539,351640,355249,357868,358987,329706,314812,299504,243395
Lao PDR,,,,,,,,,2,,,,,,,,,,,,,,,,,,,
Lebanon,304599,316095,325707,329705,338700,348031,355076,365160,371294,377612,382744,387733,392053,397054,400905,405248,428602,464299,472607,476053,463436,445144,575483,1303874,1606709,1529223,1476633,1468137
Liberia,,,100048,150153,120163,120080,120061,126886,96317,96317,69315,54760,64956,33997,15172,10168,16185,10466,10224,6952,24743,128293,65909,53253,38595,36505,18990,11109
Libya,,,,1185,1999,3973,7747,8481,10558,10535,11543,11664,11666,11897,12166,12166,2760,4098,6713,9005,7923,10130,7065,25561,27964,9305,9310,9342
St. Lucia,,,,,,,,3,,,,,,,,,,,,,,2,2,5,3,1,2,
Latin America & Caribbean,1188273,890960,881523,125283,109046,93858,88421,83220,65566,61527,37851,37131,40878,38299,36190,37749,40577,530550,350274,367437,373867,377784,380738,382025,352668,337696,322402,251577
Least developed countries: UN classification,5154454,4544317,4789360,5414332,5941773,5227254,3699472,2943632,2868489,3037679,3065660,2693154,2759372,2476180,2404576,2266833,2171614,2085767,1880805,1920287,1954960,2310969,2533521,2757733,3579434,4183517,4848700,6710238
Low income,4311639,3985478,4149968,4686670,5200033,4672161,3468325,2728149,2648004,2772969,2752932,2425370,2549236,2484093,2481828,2390564,2954649,3633519,3111041,2928093,2951440,3083332,2984115,2881456,3617663,4093081,4587158,5273866
Liechtenstein,,,,,,,,,,,70,141,128,149,149,150,277,283,89,91,92,94,102,97,103,150,163,154
Sri Lanka,,15,21,19,13,16,14,26,29,21,16,17,28,30,63,106,162,182,269,251,223,188,110,145,511,784,604,820
Lower middle income,6418459,5970664,4972857,4883979,4417585,4323772,4032736,3932190,3893250,4107792,5053204,5253337,4240933,3992232,4105139,3887640,3861372,4958793,4746810,5073767,5419910,5238796,5219443,5326121,5555489,5751276,5676275,6920771
Low & middle income,17641843,17100428,16714081,15275929,14935116,14151745,12842339,12045380,11920415,12206997,12919120,12826630,11398301,10659682,10881440,10437483,11519807,13728812,12906517,13156402,13532627,13246897,13453726,15122836,17818888,19429494,20040331,22476564
Lesotho,214,220,117,60,58,,,,,1,,39,,,,,,,,,,34,34,30,44,31,45,50
Late-demographic dividend,1010677,898662,1456425,1431710,1377382,1312768,1567856,1605038,1610360,1528599,1224861,1207671,1196982,1145633,1148038,1130281,1168840,1150485,1153656,1135094,1111412,1085995,1202754,1987259,2510235,2462424,2337895,2240049
Lithuania,,,,,,,,6,34,44,55,287,368,403,470,531,531,688,751,793,803,821,871,916,1007,1093,1093,1557
Luxembourg,687,692,2208,225,300,700,700,700,700,700,759,1201,1201,1201,1590,1822,2206,2737,3109,3230,3254,2855,2910,920,1108,1332,2046,1995
Latvia,,,,,,,,,2,6,7,8,7,17,11,11,21,29,32,43,68,95,125,160,183,208,349,638
"Macao SAR, China",205,116,15,10,9,8,,,,,,,,,,,,,,6,,1,,,,,,
St. Martin (French part),,,,,,,,,,,,,,,,,,,,,,,,,,,,
Morocco,311,322,319,336,336,55,51,57,901,901,2105,2091,2127,2121,2121,219,503,786,766,773,792,736,744,1470,1216,3908,4771,4678
Monaco,,,,,,,,,,,,,,,,,,,,,,37,37,34,33,32,32,25
Moldova,,,,,,,,,,8,68,159,173,102,57,84,161,151,148,141,148,146,185,250,335,446,432,371
Madagascar,,,,,73,,,,,28,50,34,,,,,,,,,,9,9,12,11,10,28,34
Maldives,,,,,,,,,,,,,,,,,,,,,,,,,,,,
Middle East & North Africa,6858896,7452190,7387352,5887941,5779933,5700322,5779902,5843512,5913189,5932384,6096361,6464801,6093053,5783912,5945544,5935398,7218709,8227068,7989433,7834349,7975540,7424262,7328907,8455220,9046707,8929086,8953332,9071128
Mexico,356400,360170,360991,52477,47363,38717,34569,31908,28251,24511,18451,15455,12962,6075,4343,3229,3319,1616,1055,1235,1395,1677,1520,1831,1837,2923,6202,8963
Marshall Islands,,,,,,,,,,,,,,,,,,,,,,,,,,,,
Middle income,13330204,13114950,12564113,10589259,9735083,9479584,9374014,9317231,9272411,9434028,10166188,10401260,8849065,8175589,8399612,8046919,8565158,10095293,9795476,10228309,10581187,10163565,10469611,12241380,14201225,15336413,15453173,17202698
North Macedonia,,,32000,31452,14891,9048,5089,3500,1700,21200,9050,4363,2816,193,1004,1274,1240,1235,1672,1542,1398,1130,1077,982,883,701,637,409
Mali,13411,13120,13109,15224,15800,17916,18234,12552,13598,8302,8412,8439,9095,10009,11256,11233,10585,9203,9578,13538,13558,15624,13928,14316,15195,15917,17512,17036
Malta,,,,505,429,416,367,343,296,271,190,176,307,895,1558,1939,2404,3000,4332,5955,6136,6952,8248,9906,6095,7075,7948,7949
Myanmar,,,,,,,,,,,,,,,,,,,,,,,,,,,,
Middle East & North Africa (excluding high income),6857116,7373339,7313813,5832978,5731138,5683024,5765388,5833030,5902624,5921581,6083417,6213310,5841547,5536279,5701183,5690469,6974418,7943799,7696877,7809389,7942335,7374102,7269765,8394754,8998709,8886924,8909699,9035161
Montenegro,,,,,,,,,,,,,,,,,6926,8528,24741,24019,16364,12874,11198,8476,6462,1771,974,789
Mongolia,,,,,,,,,,,,,,,,,5,5,11,11,12,1,4,9,6,9,8,
Northern Mariana Islands,,,,,,,,,,,,,,,,,,,,,,,,,,,,
Mozambique,420,420,299,202,322,128,198,72,52,220,207,207,207,311,623,1954,2558,2767,3163,3547,4077,4079,4398,4445,4536,5622,4671,4866
Mauritania,60000,35200,37500,51548,82229,34394,15880,7511,26,223,350,365,405,475,473,632,770,30471,27041,26795,26717,26535,80496,92767,75635,77394,74148,77400
Mauritius,,,,,,,,,,43,,14,,,,,,,,,,,,,,,,
Malawi,926725,981812,1058498,713607,90242,1018,1268,280,1245,1700,3900,6200,2166,3202,3682,4240,3943,2929,4175,5443,5740,6308,6544,5796,5874,9019,9392,8977
Malaysia,14862,13947,11399,154,5308,5278,5309,5285,50614,50517,50487,50466,50612,7424,24905,33693,37170,32658,36671,66137,81516,86680,90185,97513,99381,94166,92263,103792
North America,619648,684798,763675,806310,817614,775419,745459,689021,653340,644459,635213,645077,615121,585642,562252,526511,995325,456960,453199,444895,430123,429646,425779,424011,416385,409090,370291,391813
Namibia,,136,171,585,1144,1682,2204,2511,3820,7612,27263,30885,21651,19800,14773,5307,5462,6525,6799,7163,7254,6049,1806,2332,1767,1737,1757,2177
New Caledonia,,,,,,,,,,,,,,,,,,,,,,,,,,,,
Niger,792,1385,3699,16692,15070,27622,25845,7376,3691,350,58,83,296,328,344,301,317,319,320,325,314,302,50510,57661,77830,124721,166093,165719
Nigeria,3571,3573,4782,4829,6026,8118,8486,9071,6780,6941,7270,7200,7355,9171,8395,9019,8768,8460,10124,9127,8747,8806,3154,1694,1239,1395,1367,1900
Nicaragua,16000,14933,14450,5643,314,577,557,465,474,471,332,325,325,300,292,227,199,184,147,120,64,86,129,189,280,330,331,322
Netherlands,17337,19020,29739,43538,62163,79960,102588,118071,131490,138646,146180,151928,148362,140886,126805,118189,100574,86587,77600,76008,74961,74598,71909,74707,82494,88536,101744,103818
Norway,19581,29054,29846,38375,44617,47607,48409,47381,45334,43440,47693,50128,50432,46109,44046,43034,43336,34522,36101,37826,40260,40691,42822,46106,47043,50389,59522,59160
Nepal,17800,28319,95251,105342,123271,124754,126815,129157,126101,127940,129237,130945,132436,123667,124928,126436,128175,130681,124832,108461,89808,72654,56264,46305,38490,32667,25249,21467
Nauru,,,,,,,,,,,,,,,,,,,,,,,,,389,506,506,944
New Zealand,4666,16760,17310,3942,3668,3758,3788,3646,4097,4800,4923,5264,5757,5807,5350,5307,4906,2740,2716,3289,2307,1934,1517,1403,1349,1337,1421,1410
OECD members,2524748,2608996,3206578,3162097,3215602,3088919,3109602,2831413,2618175,2640181,2517347,2560837,2621680,2532305,2401983,2176861,2558111,1927859,1960644,1986483,1962227,1937371,2196304,2179873,3269750,4454513,5322278,6361902
Oman,,,,,,,,,,,,,,,7,7,7,7,7,26,78,83,138,138,151,245,317,308
Other small states,126470,152419,100668,107785,63121,53378,51840,51743,48853,72906,92889,89995,80787,80923,67405,46113,59204,60847,82213,83033,77408,73311,67138,68187,65122,58067,58797,62329
Pakistan,3255975,3099891,1629218,1479266,1055435,1202493,1202703,1202734,1202462,1202015,2001466,2198797,1227433,1124298,1290984,1084694,1044462,2035023,1780935,1740711,1900621,1702700,1638456,1616507,1505525,1561162,1352560,1393132
Panama,1350,914,1007,964,972,867,867,622,1188,1321,1313,1470,1573,1445,1608,1730,1848,16890,16913,16923,17073,17262,17429,17665,17271,17322,17350,2372
Peru,724,683,640,738,659,610,663,750,433,702,687,683,688,718,766,848,911,995,1075,1108,1146,1144,1122,1162,1303,1488,1649,1758
Philippines,19860,8972,6722,2477,669,783,691,311,307,170,176,136,114,108,107,96,100,106,104,95,243,125,141,182,222,269,408,482
Palau,,,,,,,,,,,,,,,,,,,,11,,1,1,1,1,,1,
Papua New Guinea,7099,6098,6686,7670,8461,9601,10176,8198,8198,6666,5863,4941,4941,7491,7627,9999,10183,10003,10006,9703,9698,9377,9383,9378,9510,9510,9536,10018
Poland,,550,2719,810,393,600,600,835,898,942,1020,1311,1591,1836,2507,4604,6790,10053,12774,15320,15555,15847,15911,16438,15741,14065,11747,12190
Pre-demographic dividend,4602253,4276421,4645842,5196562,6064120,5289931,3785179,2991666,2914522,3098781,3233341,2921098,2923857,2596168,2501965,2350967,2209668,2104357,1940231,1863476,1930789,2305607,2423834,2663295,3441467,3974334,4449591,5506480
Puerto Rico,,,,,,,,,,,,,,,,,,,,,,,,,,,,
"Korea, Dem. Peopleâ€™s Rep.",,,,,,,,,,,,,,,,,,,,,,,,,,,,
Portugal,867,998,1778,600,248,248,308,319,339,379,433,449,462,418,377,363,333,353,403,389,384,408,483,598,699,853,1194,1569
Paraguay,66,66,45,52,60,60,53,47,30,19,21,21,21,28,41,50,59,62,75,89,107,124,133,136,153,172,204,195
West Bank and Gaza,910637,968704,1026771,1084838,1142905,1200972,1249368,1308438,1348288,1384655,1428891,1483394,1532589,1587920,1634952,1685851,1739266,1793901,1836123,1885188,2015855,1895043,1944544,1994493,2051098,2104001,2158274,2213963
Pacific island small states,,,,,,2009,2009,800,210,,,,,,,,2,3,4,18,5,10,12,11,406,524,526,951
Post-demographic dividend,2152345,2221997,3224640,3376934,3337810,3271536,3268626,2911236,2662696,2707660,2554678,2595535,2639652,2548727,2421713,2182983,2560182,1922487,1941575,1958387,1922196,1878184,1876410,1520633,1645640,1890363,2429373,2862932
French Polynesia,,,,,,,,,,,,,,,,,,,,,,,,,,,,
Qatar,,,,,,,,,,6,31,67,46,46,46,46,46,46,13,29,51,80,80,130,133,120,177,188
Romania,,651,520,1170,1170,194,269,640,989,1242,1685,1805,1857,2011,1627,2056,1658,1757,1596,1069,1021,1005,1262,1770,2182,2598,2905,3876
Russian Federation,,,,,,,246691,237720,128574,80060,26265,17970,14969,9899,1852,1523,1425,1655,3479,4880,4922,3914,3178,3458,235750,314507,228990,125986
Rwanda,23601,34004,25162,277000,6000,7792,25257,34227,33403,34365,28398,34786,30863,36608,50221,45206,49192,53577,55062,54016,55398,55325,58212,73349,73820,144737,156065,170976
South Asia,3486713,3379092,2288041,2078511,1572419,1625466,1612369,1576598,1536385,1532217,2323287,2521487,1550780,1432566,1599141,1371649,1357511,2355038,2119005,2263369,2411160,2193338,2127370,2099360,2277358,2285506,1912242,2620677
Saudi Arabia,,33261,28660,24025,17965,13169,9852,5833,5531,5562,5309,245268,245290,240835,240552,240701,240772,240742,240572,575,582,599,577,559,561,125,140,148
Sudan,1031050,729200,725900,745200,727174,674071,393874,374415,391496,390995,414928,349209,328176,138163,141588,147256,196200,222722,181605,186292,178308,139415,152194,159857,277833,309639,421466,906585
Senegal,58113,71908,71620,73002,72994,66769,65044,57229,60823,21539,20766,20707,20711,20726,20804,20712,20591,20421,33193,22151,20672,20644,14237,14247,14274,14392,14584,14646
Singapore,146,166,115,11,12,112,10,5,5,1,,2,2,1,1,3,1,10,10,7,7,3,3,3,3,,,
Solomon Islands,,,,,,2000,2000,800,210,,,,,,,,,,,,,,,,3,3,,
Sierra Leone,125830,28036,5866,16279,15874,4675,13532,13011,9866,6570,6546,10501,63494,61194,65437,59965,27365,8795,7826,9051,8363,8092,4204,2817,1372,760,683,678
El Salvador,20300,20099,19903,163,156,154,150,109,33,24,59,69,74,246,235,49,39,39,32,30,38,38,45,44,35,48,45,30
San Marino,,,,,,,,,,,,,,,,,,,,,,,,,,,,
Somalia,460000,,480,399,388,626,700,622,337,130,558,589,199,368,357,493,669,901,1842,1815,1937,2099,2309,2425,2729,8081,11574,14555
Serbia,,,,,,,,,,,,,,,,,98997,97995,96739,86351,73608,70707,66370,57083,43751,35332,36522,32195
Sub-Saharan Africa (excluding high income),5641625,5008974,5234269,6155625,6490186,5743448,4131880,3279652,3138336,3316430,3413307,3070183,3058339,2836859,2730803,2561600,2412742,2295000,2124149,2089538,2195568,2699553,2835828,3005712,3745950,4471440,5191516,6327594
South Sudan,,,,,,,,,,,,,,,,,,,,,,105023,202581,229587,248152,263016,262560,283400
Sub-Saharan Africa,5641625,5008974,5234269,6155625,6490186,5743448,4131880,3279652,3138336,3316430,3413307,3070183,3058339,2836859,2730803,2561600,2412742,2295000,2124149,2089538,2195568,2699553,2835828,3005712,3745950,4471440,5191518,6327594
Small states,157127,182392,121535,116869,72058,64168,62456,61038,52663,75934,94277,91124,81836,81784,68137,46737,59694,61231,82528,83345,77633,73481,67262,68292,65672,58788,59479,63599
Sao Tome and Principe,,,,,,,,,,,,,,,,,,,,,,,,,,,,
Suriname,,,52,50,39,,,11,,,,,,,,,,1,1,1,1,,,,,1,1,29
Slovak Republic,,,,1521,159,2339,1387,746,424,443,457,472,444,414,409,368,248,279,317,401,461,546,662,701,799,820,990,887
Slovenia,,,74100,45000,29156,22314,10014,5135,3465,4382,2816,2411,390,2069,304,251,254,263,268,289,314,142,176,213,257,292,462,591
Sweden,109663,124470,131073,162402,200791,199212,191171,186725,178795,159513,157220,146491,142193,112167,73408,74915,79913,75078,77038,81356,82629,86615,92872,114175,142207,169520,230164,240899
Eswatini,42074,49569,55580,48889,643,712,575,592,592,616,690,690,653,686,704,760,752,789,775,759,759,759,505,507,515,696,728,765
Sint Maarten (Dutch part),,,,,,,,,,,,,,,,,,,,,1,3,3,3,3,3,3,5
Seychelles,,,,,,,,,,,,,,,,,,,,,,,,,,,2,
Syrian Arab Republic,284856,296256,309672,353392,366283,373530,375150,383906,391009,384856,390989,399599,408519,417508,437341,458137,1144572,1955236,1567595,1526575,1501442,1242391,975695,666547,677756,581113,562823,569774
Turks and Caicos Islands,,,,,,,,,,,,,,,,,,,,,,,,4,4,4,4,
Chad,,,70,70,109,100,100,302,8810,23478,17692,12950,33455,146400,259880,275412,286743,294017,330510,338495,347939,366494,373695,434479,452897,369540,391251,411460
East Asia & Pacific (IDA & IBRD countries),453346,429546,396348,424447,407428,446979,450724,490303,505076,628312,594198,551125,510300,449102,456067,464458,484364,472348,463586,485541,492004,488524,487137,547913,545148,519824,534336,551365
Europe & Central Asia (IDA & IBRD countries),28000,31663,1018934,959931,822095,769821,971348,863888,806359,780422,494769,460925,410964,377444,369416,324820,265693,165463,188546,179595,156411,152803,392394,733233,1938485,2965575,3205086,3711010
Togo,3477,3406,3353,3280,12370,10876,12589,12682,11816,12113,12223,12257,12294,12395,11285,9287,6328,1328,9377,8531,14051,19270,23540,20613,21778,21953,12491,12420
Thailand,99821,88164,63625,119232,100817,106565,107962,169154,138332,100133,104965,110711,112614,119053,121139,117053,133117,125643,112932,105297,96675,89253,84479,136499,130238,108261,106447,104585
Tajikistan,,,3000,300,695,620,1166,2174,3634,4541,15364,15346,3437,3306,1834,1018,929,1133,1799,2679,3131,3323,2248,2048,2026,1969,2729,2516
Turkmenistan,,,,15400,15400,23323,15580,15787,14625,18464,14188,14005,13693,13511,13253,11963,750,125,79,60,62,59,46,45,35,26,27,22
Latin America & the Caribbean (IDA & IBRD countries),1184285,890960,876057,121618,107044,92021,86679,81880,64419,60460,36797,36095,39873,37463,35395,37043,39910,529935,349749,366982,373417,377358,380308,381596,352324,337316,321993,251128
Timor-Leste,,,,,,,,,,,,,1,3,3,3,3,1,1,1,1,,,,,,,
Middle East & North Africa (IDA & IBRD countries),5946479,6404635,6287042,4748140,4588233,4482052,4516020,4524592,4554336,4536926,4654526,4729916,4308958,3948359,4066231,4004618,5235152,6149898,5860754,5924201,5926480,5479059,5325221,6400261,6947611,6782923,6751425,6821198
Tonga,,,,,,,,,,,,,,,,,,,,,,2,3,3,,,,
South Asia (IDA & IBRD),3486713,3379092,2288041,2078511,1572419,1625466,1612369,1576598,1536385,1532217,2323287,2521487,1550780,1432566,1599141,1371649,1357511,2355038,2119005,2263369,2411160,2193338,2127370,2099360,2277358,2285506,1912242,2620677
Sub-Saharan Africa (IDA & IBRD countries),5641625,5008974,5234269,6155625,6490186,5743448,4131880,3279652,3138336,3316430,3413307,3070183,3058339,2836859,2730803,2561600,2412742,2295000,2124149,2089538,2195568,2699553,2835828,3005712,3745950,4471440,5191518,6327594
Trinidad and Tobago,,,,,,,,,,,,,,,,,,22,33,37,29,22,18,20,83,113,109,267
Tunisia,30,130,111,99,19,199,176,506,528,454,436,97,102,99,90,87,93,101,94,92,89,4097,1435,730,901,665,649,701
Turkey,28000,30462,28477,23267,24927,12841,8166,2446,2528,2815,3103,3472,3301,2490,3033,2399,2633,6956,11103,10350,10032,14465,267063,609938,1587374,2541352,2869421,3480310
Tuvalu,,,,,,,,,,,,,,,,,,,,,,,,,,,,
Tanzania,265184,288103,292148,564520,883250,829671,498732,570367,543881,622203,680862,646900,689373,649770,602088,548824,485295,435630,321909,118731,109286,131243,101021,102099,88492,211845,281498,308528
Uganda,145718,162521,196290,286500,286500,229350,264294,188513,204545,218191,236622,199736,217302,230903,250482,257256,272007,228959,162132,127345,135801,139448,197877,220555,385513,477187,940835,1350495
Ukraine,,,,,5193,5193,3591,4564,6101,2697,2951,2983,2966,2877,2459,2346,2275,7277,7201,7334,3022,3176,2807,2968,3219,3273,3302,3211
Upper middle income,6911745,7144286,7591256,5705280,5317498,5155812,5341278,5385041,5379161,5326236,5112984,5147923,4608132,4183357,4294473,4159279,4703786,5136500,5048666,5154542,5161277,4924769,5250168,6915259,8645736,9585137,9776898,10281927
Uruguay,87,81,90,138,113,132,138,133,163,87,79,90,99,91,97,121,125,140,145,168,189,174,181,203,272,301,312,304
United States,464887,513882,579952,623069,631051,623294,607024,563837,533969,521143,508222,515853,485171,452548,420854,379340,843498,281219,279548,275461,264574,264763,262023,263662,267222,273202,272959,287065
Uzbekistan,,,,8000,8001,2627,2900,3159,1071,1014,38350,39579,44936,44682,44455,43950,1415,1054,821,555,311,214,176,141,125,107,27,20
St. Vincent and the Grenadines,,,,,,,,,,,,,,,,,,,,,,,,,,,,
"Venezuela, RB",1750,1720,1990,2221,2177,1613,1596,301,158,188,132,59,58,58,244,408,720,200907,201161,201313,201547,202022,203644,204340,173600,173754,172053,122774
British Virgin Islands,,,,,,,,,,,,,,,,,,,,,2,2,2,,,,,
Virgin Islands (U.S.),,,,,,,,,,,,,,,,,,,,,,,,,,,,
Vietnam,21150,20148,16263,5084,5000,34400,34400,15000,15000,15000,15945,15945,15945,15360,2360,2357,2357,2357,2357,2357,1928,990,,,,,,
Vanuatu,,,,,,,,,,,,,,,,,,1,3,4,4,,2,2,,,,
World,19805688,19414923,20023531,18718993,18325596,17418028,16102005,14934398,14552205,14863846,15451236,15643310,14265347,13437842,13530667,12863676,14326136,15953753,15161622,15163210,15516350,15202527,15417874,16729328,19535060,21377887,22527930,25376316
Samoa,,,,,,,,,,,,,,,,,,,,,,,,,,,3,
Kosovo,,,,,,,,,,,,,,,,,,,,,,,,,,,,
"Yemen, Rep.",2938,29977,59680,54450,48306,53453,53546,40964,61382,60477,60545,69468,82803,61881,66384,81937,95794,117363,140169,170854,190092,214740,237182,241288,257645,267173,269783,270898
South Africa,,,,250000,91894,101408,22645,6819,8388,14538,15063,18605,23344,26558,27683,29714,35086,36736,43546,47974,57899,57899,65233,65987,112192,121645,91043,88694
Zambia,138049,140676,142104,141126,141126,129965,131139,165072,168564,206386,250940,284173,246765,226697,173907,155718,120253,112931,83485,56785,47857,45632,25653,23594,25578,26447,29350,41266
Zimbabwe,190950,197627,237713,100482,2199,514,595,806,1655,2071,4127,8706,9432,12721,6884,13850,3519,3981,3468,3995,4435,4561,4356,6389,6079,6950,7426,7566